turn,rss_mb,heap_mb,goroutines,elapsed_ms
1,12.38,2.05,3,10
2,12.38,3.19,4,21
3,13.25,1.97,4,33
4,14.38,3.13,3,43
5,15.38,1.98,3,55
6,15.50,3.12,3,64
7,16.38,1.99,4,75
8,16.38,3.15,3,84
9,16.62,2.02,4,94
10,16.75,3.17,3,124
11,17.25,2.03,4,135
12,17.25,3.17,3,145
13,16.59,2.03,3,155
14,16.59,3.17,3,164
15,16.72,2.02,3,175
16,16.72,3.18,3,185
17,16.84,2.06,3,194
18,16.84,3.21,3,204
19,16.84,2.06,3,215
20,16.84,3.21,3,245
21,16.97,2.06,3,255
22,16.97,3.20,3,266
23,16.97,2.06,3,277
24,16.97,3.19,3,288
25,16.97,2.07,3,299
26,16.97,3.20,4,309
27,16.97,2.06,4,320
28,16.97,3.22,3,331
29,16.97,2.06,4,342
30,16.97,3.21,3,372
31,16.18,2.07,3,384
32,16.18,3.21,4,396
33,17.18,2.06,3,407
34,16.76,3.21,4,416
35,17.37,2.11,3,426
36,17.10,3.26,3,437
37,17.68,2.12,3,447
38,17.68,3.27,3,457
39,17.76,2.11,3,468
40,17.13,3.26,3,499
41,16.51,2.11,3,509
42,16.34,3.26,3,520
43,17.21,2.12,3,531
44,16.70,3.27,3,540
45,16.82,2.12,3,550
46,16.41,3.27,3,559
47,16.66,2.13,3,570
48,16.66,3.29,3,581
49,17.54,2.13,3,593
50,17.12,3.28,3,625
51,17.37,2.14,3,637
52,17.37,3.29,3,647
53,17.49,2.14,3,658
54,17.20,3.29,3,667
55,17.45,2.13,3,677
56,17.19,3.27,3,686
57,17.01,2.15,3,697
58,17.01,3.29,4,708
59,17.10,2.15,3,719
60,17.22,3.31,3,749
61,17.47,2.15,3,760
62,17.47,3.30,3,769
63,17.47,2.15,4,779
64,16.84,3.30,3,788
65,17.44,2.15,3,800
66,17.18,3.31,3,811
67,17.56,2.15,3,821
68,17.18,3.30,3,832
69,17.43,2.15,3,844
70,17.56,3.46,3,874
71,17.56,2.22,4,884
72,17.56,3.37,3,895
73,17.28,2.21,3,906
74,17.28,3.36,3,917
75,17.53,2.23,3,929
76,17.53,3.37,3,939
77,17.65,2.21,3,951
78,17.50,3.37,3,962
79,17.63,2.21,3,973
80,17.50,3.38,3,1004
81,17.46,2.22,3,1015
82,17.46,3.38,3,1024
83,17.32,2.22,3,1034
84,17.32,3.37,3,1045
85,17.56,2.24,3,1057
86,17.56,3.39,3,1066
87,17.68,2.24,3,1077
88,17.68,3.39,3,1087
89,17.68,2.25,3,1098
90,17.68,3.39,4,1128
91,17.68,2.24,3,1138
92,17.68,3.40,3,1148
93,17.68,2.24,3,1158
94,17.68,3.40,3,1167
95,17.93,2.24,3,1177
96,17.76,3.40,3,1187
97,17.76,2.26,3,1199
98,17.76,3.41,4,1209
99,17.76,2.26,3,1220
100,17.59,3.41,3,1252
101,17.84,2.27,3,1265
102,17.84,3.42,3,1276
103,17.84,2.25,3,1286
104,17.44,3.41,3,1295
105,17.68,2.27,3,1306
106,17.52,3.42,4,1316
107,17.64,2.25,3,1327
108,17.64,3.41,3,1336
109,17.49,2.25,3,1346
110,17.49,3.41,3,1376
111,17.61,2.27,4,1385
112,17.61,3.43,3,1395
113,17.74,2.27,4,1405
114,17.74,3.43,3,1415
115,17.74,2.26,3,1425
116,17.86,3.66,3,1435
117,17.86,2.34,3,1445
118,17.86,3.50,3,1454
119,17.86,2.36,3,1466
120,17.86,3.51,3,1496
121,17.99,2.36,3,1509
122,17.99,3.52,3,1519
123,17.99,2.37,4,1530
124,17.99,3.52,4,1541
125,17.99,2.36,3,1552
126,17.99,3.52,3,1561
127,17.99,2.36,3,1571
128,17.99,3.52,3,1580
129,17.99,2.36,3,1590
130,17.99,3.52,3,1621
131,17.99,2.38,3,1631
132,17.99,3.54,3,1640
133,17.99,2.36,3,1650
134,17.99,3.52,3,1660
135,17.99,2.38,4,1670
136,17.99,3.54,3,1680
137,17.99,2.37,3,1690
138,17.99,3.52,3,1700
139,17.99,2.38,3,1710
140,17.99,3.53,3,1740
141,17.99,2.38,3,1751
142,17.99,3.53,3,1760
143,17.99,2.38,3,1771
144,17.99,3.54,3,1781
145,17.99,2.38,3,1790
146,17.99,3.53,3,1800
147,17.99,2.37,3,1810
148,17.99,3.53,3,1819
149,17.99,2.37,3,1830
150,17.99,3.54,3,1860
151,17.99,2.38,3,1871
152,17.99,3.55,4,1882
153,17.99,2.39,4,1894
154,17.99,3.55,3,1904
155,17.99,2.38,3,1915
156,17.99,3.55,3,1926
157,17.99,2.39,3,1936
158,17.99,3.56,3,1947
159,17.99,2.39,3,1959
160,17.99,3.55,3,1989
161,17.99,2.40,3,2001
162,17.99,3.55,3,2011
163,17.99,2.41,3,2021
164,17.99,3.57,3,2031
165,17.99,2.39,4,2040
166,17.99,3.55,3,2049
167,18.11,2.40,3,2060
168,18.11,3.55,3,2069
169,18.24,2.40,3,2080
170,18.24,3.57,3,2111
171,18.24,2.41,3,2121
172,18.24,3.58,3,2132
173,18.24,2.41,3,2142
174,18.24,3.90,3,2151
175,17.49,2.49,3,2161
176,17.49,3.66,3,2171
177,17.61,2.51,4,2182
178,17.61,3.68,3,2193
179,17.29,1.50,3,2206
180,17.29,2.65,4,2237
181,17.54,2.51,3,2247
182,17.54,3.66,3,2257
183,17.54,2.51,3,2267
184,17.54,3.66,3,2276
185,17.23,1.49,3,2286
186,17.23,2.66,3,2296
187,17.31,2.52,3,2307
188,17.31,3.68,3,2317
189,17.31,2.50,3,2327
190,17.31,3.67,3,2357
191,17.31,2.52,3,2368
192,17.43,3.68,4,2378
193,16.92,1.49,3,2388
194,16.92,2.66,3,2398
195,17.16,2.51,3,2409
196,17.16,3.67,4,2418
197,17.29,2.52,4,2429
198,17.41,3.68,3,2439
199,17.23,1.49,4,2450
200,17.23,2.66,3,2481
